,0
0,https://www.instagram.com/p/CP0dxkOHUaR/?utm_source=ig_web_copy_link
1,https://www.instagram.com/p/CJvcjuzHLce/?utm_source=ig_web_copy_link
2,https://www.instagram.com/p/CJqInwBnV2P/?utm_source=ig_web_copy_link
3,https://www.instagram.com/p/CJ8MtC1nra6/?utm_source=ig_web_copy_link
4,https://www.instagram.com/p/CJihbX-HPh0/?utm_source=ig_web_copy_link
5,https://www.instagram.com/p/CJZsrC4HoTL/?utm_source=ig_web_copy_link
6,https://www.instagram.com/p/CJzbgTrH99G/?utm_source=ig_web_copy_link
7,https://www.instagram.com/p/CJ3LCv5nis2/?utm_source=ig_web_copy_link
8,https://www.instagram.com/p/CJmj5kBn-eG/?utm_source=ig_web_copy_link
9,https://www.instagram.com/p/CJe72Fxnk7W/?utm_source=ig_web_copy_link
